<Objs Version="1.1.0.1" xmlns="http://schemas.microsoft.com/powershell/2004/04">
  <Obj RefId="0">
    <TN RefId="0">
      <T>Microsoft.PowerShell.Commands.PSRepositoryItemInfo</T>
      <T>System.Management.Automation.PSCustomObject</T>
      <T>System.Object</T>
    </TN>
    <MS>
      <S N="Name">ReverseDSC</S>
      <Version N="Version">2.0.0.7</Version>
      <S N="Type">Module</S>
      <S N="Description">This DSC module is used to extract the DSC Configuration of existing environments.</S>
      <S N="Author">Microsoft Corporation</S>
      <S N="CompanyName">NikCharleboisPFE</S>
      <S N="Copyright">(c) 2015-2020 Microsoft Corporation. All rights reserved.</S>
      <DT N="PublishedDate">2020-09-17T18:16:08+02:00</DT>
      <Obj N="InstalledDate" RefId="1">
        <DT>2021-02-23T10:04:53.1793377+01:00</DT>
        <MS>
          <Obj N="DisplayHint" RefId="2">
            <TN RefId="1">
              <T>Microsoft.PowerShell.Commands.DisplayHintType</T>
              <T>System.Enum</T>
              <T>System.ValueType</T>
              <T>System.Object</T>
            </TN>
            <ToString>DateTime</ToString>
            <I32>2</I32>
          </Obj>
        </MS>
      </Obj>
      <Nil N="UpdatedDate" />
      <Nil N="LicenseUri" />
      <URI N="ProjectUri">https://github.com/Microsoft/ReverseDSC</URI>
      <URI N="IconUri">https://github.com/Microsoft/ReverseDSC/blob/master/Images/DSCModuleIcon.png?raw=true</URI>
      <Obj N="Tags" RefId="3">
        <TN RefId="2">
          <T>System.Object[]</T>
          <T>System.Array</T>
          <T>System.Object</T>
        </TN>
        <LST>
          <S>DesiredStateConfiguration</S>
          <S>DSC</S>
          <S>DSCResourceKit</S>
          <S>DSCResource</S>
          <S>ReverseDSC</S>
          <S>PSModule</S>
        </LST>
      </Obj>
      <Obj N="Includes" RefId="4">
        <TN RefId="3">
          <T>System.Collections.Hashtable</T>
          <T>System.Object</T>
        </TN>
        <DCT>
          <En>
            <S N="Key">DscResource</S>
            <Obj N="Value" RefId="5">
              <TNRef RefId="2" />
              <LST />
            </Obj>
          </En>
          <En>
            <S N="Key">Cmdlet</S>
            <Ref N="Value" RefId="5" />
          </En>
          <En>
            <S N="Key">Command</S>
            <Obj N="Value" RefId="6">
              <TNRef RefId="2" />
              <LST>
                <S>Get-DSCParamType</S>
                <S>Get-DSCBlock</S>
                <S>Get-DSCFakeParameters</S>
                <S>Get-DSCDependsOnBlock</S>
                <S>Export-TargetResource</S>
                <S>Get-ResourceFriendlyName</S>
                <S>Get-Credentials</S>
                <S>Resolve-Credentials</S>
                <S>Save-Credentials</S>
                <S>Test-Credentials</S>
                <S>Convert-DSCStringParamToVariable</S>
                <S>Get-ConfigurationDataContent</S>
                <S>New-ConfigurationDataDocument</S>
                <S>Add-ConfigurationDataEntry</S>
                <S>Get-ConfigurationDataEntry</S>
                <S>Add-ReverseDSCUserName</S>
              </LST>
            </Obj>
          </En>
          <En>
            <S N="Key">Function</S>
            <Obj N="Value" RefId="7">
              <TNRef RefId="2" />
              <LST>
                <S>Get-DSCParamType</S>
                <S>Get-DSCBlock</S>
                <S>Get-DSCFakeParameters</S>
                <S>Get-DSCDependsOnBlock</S>
                <S>Export-TargetResource</S>
                <S>Get-ResourceFriendlyName</S>
                <S>Get-Credentials</S>
                <S>Resolve-Credentials</S>
                <S>Save-Credentials</S>
                <S>Test-Credentials</S>
                <S>Convert-DSCStringParamToVariable</S>
                <S>Get-ConfigurationDataContent</S>
                <S>New-ConfigurationDataDocument</S>
                <S>Add-ConfigurationDataEntry</S>
                <S>Get-ConfigurationDataEntry</S>
                <S>Add-ReverseDSCUserName</S>
              </LST>
            </Obj>
          </En>
          <En>
            <S N="Key">RoleCapability</S>
            <Ref N="Value" RefId="5" />
          </En>
          <En>
            <S N="Key">Workflow</S>
            <Ref N="Value" RefId="5" />
          </En>
        </DCT>
      </Obj>
      <Nil N="PowerShellGetFormatVersion" />
      <S N="ReleaseNotes">* Major cleanup of solution and refactoring of help content;</S>
      <Obj N="Dependencies" RefId="8">
        <TNRef RefId="2" />
        <LST />
      </Obj>
      <S N="RepositorySourceLocation">https://www.powershellgallery.com/api/v2</S>
      <S N="Repository">PSGallery</S>
      <S N="PackageManagementProvider">NuGet</S>
      <Obj N="AdditionalMetadata" RefId="9">
        <TN RefId="4">
          <T>System.Management.Automation.PSCustomObject</T>
          <T>System.Object</T>
        </TN>
        <MS>
          <S N="copyright">(c) 2015-2020 Microsoft Corporation. All rights reserved.</S>
          <S N="description">This DSC module is used to extract the DSC Configuration of existing environments.</S>
          <S N="requireLicenseAcceptance">False</S>
          <S N="releaseNotes">* Major cleanup of solution and refactoring of help content;</S>
          <S N="isLatestVersion">True</S>
          <S N="isAbsoluteLatestVersion">True</S>
          <S N="versionDownloadCount">264508</S>
          <S N="downloadCount">1577745</S>
          <S N="packageSize">20306</S>
          <S N="published">17/09/2020 18:16:08 +02:00</S>
          <S N="created">17/09/2020 18:16:08 +02:00</S>
          <S N="lastUpdated">23/02/2021 09:00:41 +01:00</S>
          <S N="tags">DesiredStateConfiguration DSC DSCResourceKit DSCResource ReverseDSC PSModule PSFunction_Get-DSCParamType PSCommand_Get-DSCParamType PSFunction_Get-DSCBlock PSCommand_Get-DSCBlock PSFunction_Get-DSCFakeParameters PSCommand_Get-DSCFakeParameters PSFunction_Get-DSCDependsOnBlock PSCommand_Get-DSCDependsOnBlock PSFunction_Export-TargetResource PSCommand_Export-TargetResource PSFunction_Get-ResourceFriendlyName PSCommand_Get-ResourceFriendlyName PSFunction_Get-Credentials PSCommand_Get-Credentials PSFunction_Resolve-Credentials PSCommand_Resolve-Credentials PSFunction_Save-Credentials PSCommand_Save-Credentials PSFunction_Test-Credentials PSCommand_Test-Credentials PSFunction_Convert-DSCStringParamToVariable PSCommand_Convert-DSCStringParamToVariable PSFunction_Get-ConfigurationDataContent PSCommand_Get-ConfigurationDataContent PSFunction_New-ConfigurationDataDocument PSCommand_New-ConfigurationDataDocument PSFunction_Add-ConfigurationDataEntry PSCommand_Add-ConfigurationDataEntry PSFunction_Get-ConfigurationDataEntry PSCommand_Get-ConfigurationDataEntry PSFunction_Add-ReverseDSCUserName PSCommand_Add-ReverseDSCUserName PSIncludes_Function</S>
          <S N="developmentDependency">False</S>
          <S N="updated">2021-02-23T09:00:41Z</S>
          <S N="NormalizedVersion">2.0.0.7</S>
          <S N="Authors">Microsoft Corporation</S>
          <S N="IsPrerelease">false</S>
          <S N="ItemType">Module</S>
          <S N="FileList">ReverseDSC.nuspec|LICENSE|README.md|ReverseDSC.Core.psm1|ReverseDSC.psd1|Images\DSCModuleIcon.png</S>
          <S N="GUID">6c1176a0-4fac-4134-8ca2-3fa8a21a7b90</S>
          <S N="PowerShellVersion">4.0</S>
          <S N="CompanyName">Microsoft Corporation</S>
        </MS>
      </Obj>
      <S N="InstalledLocation">C:\Users\yvand\Documents\PowerShell\Modules\ReverseDSC\2.0.0.7</S>
    </MS>
  </Obj>
</Objs>
