<Objs Version="1.1.0.1" xmlns="http://schemas.microsoft.com/powershell/2004/04">
  <Obj RefId="0">
    <TN RefId="0">
      <T>Microsoft.PowerShell.Commands.PSRepositoryItemInfo</T>
      <T>System.Management.Automation.PSCustomObject</T>
      <T>System.Object</T>
    </TN>
    <MS>
      <S N="Name">xDnsServer</S>
      <Version N="Version">2.0.0</Version>
      <S N="Type">Module</S>
      <S N="Description">This module contains DSC resources for the management and configuration of Windows Server DNS Server.</S>
      <S N="Author">DSC Community</S>
      <Obj N="CompanyName" RefId="1">
        <TN RefId="1">
          <T>System.Object[]</T>
          <T>System.Array</T>
          <T>System.Object</T>
        </TN>
        <LST>
          <S>PowerShellTeam</S>
          <S>gaelcolas</S>
          <S>dsccommunity</S>
        </LST>
      </Obj>
      <S N="Copyright">Copyright the DSC Community contributors. All rights reserved.</S>
      <DT N="PublishedDate">2021-03-26T16:07:58+01:00</DT>
      <Obj N="InstalledDate" RefId="2">
        <DT>2021-06-21T09:20:51.3370923+02:00</DT>
        <MS>
          <Obj N="DisplayHint" RefId="3">
            <TN RefId="2">
              <T>Microsoft.PowerShell.Commands.DisplayHintType</T>
              <T>System.Enum</T>
              <T>System.ValueType</T>
              <T>System.Object</T>
            </TN>
            <ToString>DateTime</ToString>
            <I32>2</I32>
          </Obj>
        </MS>
      </Obj>
      <Nil N="UpdatedDate" />
      <URI N="LicenseUri">https://github.com/dsccommunity/xDnsServer/blob/main/LICENSE</URI>
      <URI N="ProjectUri">https://github.com/dsccommunity/xDnsServer</URI>
      <URI N="IconUri">https://dsccommunity.org/images/DSC_Logo_300p.png</URI>
      <Obj N="Tags" RefId="4">
        <TNRef RefId="1" />
        <LST>
          <S>DesiredStateConfiguration</S>
          <S>DSC</S>
          <S>DSCResourceKit</S>
          <S>DSCResource</S>
          <S>PSModule</S>
        </LST>
      </Obj>
      <Obj N="Includes" RefId="5">
        <TN RefId="3">
          <T>System.Collections.Hashtable</T>
          <T>System.Object</T>
        </TN>
        <DCT>
          <En>
            <S N="Key">DscResource</S>
            <Obj N="Value" RefId="6">
              <TNRef RefId="1" />
              <LST>
                <S>DnsRecordSrv</S>
                <S>DnsRecordSrvScoped</S>
                <S>xDnsRecord</S>
                <S>xDnsRecordMx</S>
                <S>xDnsServerADZone</S>
                <S>xDnsServerClientSubnet</S>
                <S>xDnsServerConditionalForwarder</S>
                <S>xDnsServerDiagnostics</S>
                <S>xDnsServerForwarder</S>
                <S>xDnsServerPrimaryZone</S>
                <S>xDnsServerRootHint</S>
                <S>xDnsServerSecondaryZone</S>
                <S>xDnsServerSetting</S>
                <S>xDnsServerZoneAging</S>
                <S>xDnsServerZoneScope</S>
                <S>xDnsServerZoneTransfer</S>
                <S>DnsRecordCname</S>
                <S>DnsRecordPtr</S>
                <S>DnsRecordA</S>
                <S>DnsRecordAaaa</S>
                <S>DnsRecordCnameScoped</S>
                <S>DnsRecordMx</S>
                <S>DnsServerEDns</S>
                <S>DnsServerScavenging</S>
                <S>DnsRecordAaaaScoped</S>
                <S>DnsRecordAScoped</S>
                <S>DnsRecordMxScoped</S>
              </LST>
            </Obj>
          </En>
          <En>
            <S N="Key">RoleCapability</S>
            <Obj N="Value" RefId="7">
              <TNRef RefId="1" />
              <LST />
            </Obj>
          </En>
          <En>
            <S N="Key">Workflow</S>
            <Ref N="Value" RefId="7" />
          </En>
          <En>
            <S N="Key">Cmdlet</S>
            <Ref N="Value" RefId="7" />
          </En>
          <En>
            <S N="Key">Command</S>
            <Ref N="Value" RefId="7" />
          </En>
          <En>
            <S N="Key">Function</S>
            <Ref N="Value" RefId="7" />
          </En>
        </DCT>
      </Obj>
      <Nil N="PowerShellGetFormatVersion" />
      <S N="ReleaseNotes">## [2.0.0] - 2021-03-26_x000A__x000D__x000A_### Deprecated_x000D__x000A__x000D__x000A_- **The module _x005F_xDnsServer_ will be renamed _DnsServerDsc_. Version `2.0.0`_x000D__x000A_  will be the the last release of _x005F_xDnsServer_. Version `3.0.0` will be_x000D__x000A_  release as _DnsServerDsc_, it will be released shortly after the `2.0.0`_x000D__x000A_  release** ([issue #179](https://github.com/dsccommunity/xDnsServer/issues/179))._x000D__x000A_  The prefix 'x' will be removed from all resources in _DnsServerDsc_._x000D__x000A_- xDnsRecord will be removed in the next release (of DnsServerDsc) ([issue #220](https://github.com/dsccommunity/xDnsServer/issues/220))._x000D__x000A_  Start migrate to the resources _DnsRecord*_._x000D__x000A_- xDnsRecordMx will be removed in the next release (of DnsServerDsc) ([issue #228](https://github.com/dsccommunity/xDnsServer/issues/228))._x000D__x000A_  Start migrate to the resources _DnsRecordMx_._x000D__x000A_- The properties `DefaultAgingState`, `ScavengingInterval`, `DefaultNoRefreshInterval`,_x000D__x000A_  and `DefaultRefreshInterval` will be removed from the resource xDnsServerSetting_x000D__x000A_  in the next release (of DnsServerDsc) ([issue #193](https://github.com/dsccommunity/xDnsServer/issues/193))._x000D__x000A_  Migrate to use the resource _DnsServerScavenging_ to enforce these properties._x000D__x000A_- The properties `EnableEDnsProbes` and `EDnsCacheTimeout` will be removed from_x000D__x000A_  the resource xDnsServerSetting in the next release (of DnsServerDsc) ([issue #195](https://github.com/dsccommunity/xDnsServer/issues/195))._x000D__x000A_  Migrate to use the resource _DnsServerEDns_ to enforce these properties._x000D__x000A_- The properties `Forwarders` and `ForwardingTimeout` will be removed from the_x000D__x000A_  resource xDnsServerSetting in the next release (of DnsServerDsc) ([issue #192](https://github.com/dsccommunity/xDnsServer/issues/192))_x000D__x000A_  Migrate to use the resource _x005F_xDnsServerForwarder_ to enforce these properties._x000D__x000A__x000D__x000A_### Added_x000D__x000A__x000D__x000A_- xDnsServer_x000D__x000A_  - Added automatic release with a new CI pipeline._x000D__x000A_  - Add unit tests for the Get-LocalizedData, NewTerminatingError, and_x000D__x000A_    Assert-Module helper functions._x000D__x000A_  - Added description README files for each resource._x000D__x000A_  - Add example files for resources_x000D__x000A_  - OptIn to the following Dsc Resource Meta Tests:_x000D__x000A_    - Common Tests - Validate Localization_x000D__x000A_    - Common Tests - Validate Example Files To Be Published_x000D__x000A_  - Standardize Resource Localization._x000D__x000A_  - Added the build task `Publish_GitHub_Wiki_Content` to publish content_x000D__x000A_    to the GitHub repository wiki._x000D__x000A_  - Added new source folder `WikiSource` which content will be published_x000D__x000A_    to the GitHub repository wiki._x000D__x000A_    - Add the markdown file `Home.md` which will be automatically updated_x000D__x000A_      with the latest version before published to GitHub repository wiki._x000D__x000A_  - Updated the prerequisites in the GitHub repository wiki (`Home.md`)_x000D__x000A_    that _Microsoft DNS Server_ is required on a node targeted by a resource,_x000D__x000A_    and that the DSC resources requires the [DnsServer](https://docs.microsoft.com/en-us/powershell/module/dnsserver)_x000D__x000A_    PowerShell module ([issue #37](https://github.com/dsccommunity/xDnsServer/issues/37))._x000D__x000A_  - Added the base class `ResourcePropertiesBase` to hold DSC properties that_x000D__x000A_    can be inherited for all class-based resources._x000D__x000A_  - Added the base class `ResourceBase` to hold methods that should be_x000D__x000A_    inherited for all class-based resources._x000D__x000A_  - Added new private function `ConvertTo-TimeSpan` to help when evaluating_x000D__x000A_    properties that must be passed as strings and then converted to `[System.TimeSpan]`._x000D__x000A_  - Added new private function `Assert-TimeSpan` to help assert that a value_x000D__x000A_    provided in a resource can be converted to a `[System.TimeSpan]` and_x000D__x000A_    optionally evaluates so it is not below a minium value or over a maximum_x000D__x000A_    value._x000D__x000A_  - Added `prefix.ps1` that is used to import dependent modules like _DscResource.Common_._x000D__x000A_  - Added new resource_x000D__x000A_    - _DnsServerScavenging_ - resource to enforce scavenging settings ([issue #189](https://github.com/dsccommunity/xDnsServer/issues/189))._x000D__x000A_    - _DnsServerEDns_ - resource to enforce extension mechanisms for DNS_x000D__x000A_      (EDNS) settings ([issue #194](https://github.com/dsccommunity/xDnsServer/issues/194))._x000D__x000A_- xDNSServerClientSubnet_x000D__x000A_  - Added integration tests._x000D__x000A_- xDnsServerPrimaryZone_x000D__x000A_  - Added integration tests ([issue #173](https://github.com/dsccommunity/xDnsServer/issues/173))._x000D__x000A_  - Added more examples._x000D__x000A_- xDnsRecordMx_x000D__x000A_  - Added new resource to manage MX records_x000D__x000A_- xDnsServerZoneScope_x000D__x000A_  - Added integration tests ([issue #177](https://github.com/dsccommunity/xDnsServer/issues/177))._x000D__x000A_  - New read-only property `ZoneFile` was added to return the zone scope_x000D__x000A_    file name used for the zone scope._x000D__x000A_- xDnsServerZoneAging_x000D__x000A_  - Added integration tests ([issue #176](https://github.com/dsccommunity/xDnsServer/issues/176))._x000D__x000A_- xDnsServerForwarder_x000D__x000A_  - Added integration tests ([issue #170](https://github.com/dsccommunity/xDnsServer/issues/170))._x000D__x000A_  - Added new properties `Timeout` and `EnableReordering` ([issue #191](https://github.com/dsccommunity/xDnsServer/issues/191))._x000D__x000A_- xDnsServerRootHint_x000D__x000A_  - Added integration tests ([issue #174](https://github.com/dsccommunity/xDnsServer/issues/174))._x000D__x000A_- Added a class `DnsRecordBase` that is used as the base class for the resources that create DNS records._x000D__x000A_  - Added unit tests to get code coverage on unimplemented method calls (ensuring the `throw` statements get called)_x000D__x000A_- DnsRecordSrv_x000D__x000A_  - Added new resource to manage SRV records_x000D__x000A_- DnsRecordSrvScoped_x000D__x000A_  - Added new resource to manage scoped SRV records_x000D__x000A_- DnsRecordA_x000D__x000A_  - Added new resource to manage A records_x000D__x000A_- DnsRecordAScoped_x000D__x000A_  - Added new resource to manage scoped A records_x000D__x000A_- DnsRecordAaaa_x000D__x000A_  - Added new resource to manage AAAA records_x000D__x000A_- DnsRecordAaaaScoped_x000D__x000A_  - Added new resource to manage scoped AAAA records_x000D__x000A_- DnsRecordCname_x000D__x000A_  - Added new resource to manage CNAME records_x000D__x000A_- DnsRecordCnameScoped_x000D__x000A_  - Added new resource to manage scoped CNAME records_x000D__x000A_- DnsRecordPtr_x000D__x000A_  - Added new resource to manage PTR records_x000D__x000A_- DnsRecordMx_x000D__x000A_  - Added new resource to manage MX records_x000D__x000A_- DnsRecordMxScoped_x000D__x000A_  - Added new resource to manage scoped MX records_x000D__x000A__x000D__x000A_### Changed_x000D__x000A__x000D__x000A_- xDnsServer_x000D__x000A_  - BREAKING CHANGE: Set the minimum required PowerShell version to 5.0 to support classes used in the DnsRecordBase-derived resources._x000D__x000A_  - Resolve style guideline violations for hashtables_x000D__x000A_  - Update pipeline files._x000D__x000A_  - Renamed the default branch to `main` ([issue #131](https://github.com/dsccommunity/xDnsServer/issues/131))._x000D__x000A_  - Uses `PublishPipelineArtifact` in  _Azure Pipelines_ pipeline._x000D__x000A_  - Unit tests are now run in PowerShell 7 in the _Azure Pipelines__x000D__x000A_    pipeline ([issue #160](https://github.com/dsccommunity/xDnsServer/issues/160))._x000D__x000A_  - Merged the historic changelog into CHANGELOG.md ([issue #163](https://github.com/dsccommunity/xDnsServer/issues/163))._x000D__x000A_  - Only add required role in integration tests pipeline._x000D__x000A_  - Updated the pipeline to use new deploy tasks._x000D__x000A_  - Revert back to using the latest version of module Sampler for the pipeline ([issue #211](https://github.com/dsccommunity/xDnsServer/issues/211))._x000D__x000A_  - Fixed the sections in the GitHub issue and pull request templates to_x000D__x000A_    have a bit higher font size. This makes it easier to distinguish the_x000D__x000A_    section headers from the text._x000D__x000A_- DnsRecordBase_x000D__x000A_  - Changed class to inherit properties from 'ResourcePropertiesBase`._x000D__x000A_- xDnsRecordSrv_x000D__x000A_  - Now uses `[CimInstance]::new()` both in the resource code and the resource_x000D__x000A_    unit test to clone the existing DNS record instead of using the method_x000D__x000A_    `Clone()` that does not exist in PowerShell 7._x000D__x000A_- xDnsServerSetting_x000D__x000A_  - BREAKING CHANGE: The mandatory parameter was replaced by the mandatory_x000D__x000A_    parameter `DnsServer`. This prevents the resource from being used twice_x000D__x000A_    in the same configuration using the same value for the parameter `DnsServer`_x000D__x000A_    ([issue #156](https://github.com/dsccommunity/xDnsServer/issues/156))._x000D__x000A_- xDnsServerDiagnostics_x000D__x000A_  - BREAKING CHANGE: The mandatory parameter was replaced by the mandatory_x000D__x000A_    parameter `DnsServer`. This prevents the resource from being used twice_x000D__x000A_    in the same configuration using the same value for the parameter `DnsServer`_x000D__x000A_    ([issue #157](https://github.com/dsccommunity/xDnsServer/issues/157))._x000D__x000A_- xDnsServerPrimaryZone_x000D__x000A_  - Now the property `Name` is always returned from `Get-TargetResource`_x000D__x000A_    since it is a `Key` property._x000D__x000A_- xDnsServerForwarder_x000D__x000A_  - When providing an empty collection the resource will enforce that no_x000D__x000A_    forwarders are present._x000D__x000A_- DnsRecordSrv_x000D__x000A_  - Changed logic for calculating the record's hostname_x000D__x000A__x000D__x000A_### Removed_x000D__x000A__x000D__x000A_- xDnsServer_x000D__x000A_  - BREAKING CHANGE: The DSC resource xDnsARecord was removed and are replaced_x000D__x000A_    by the DSC resource xDnsRecord._x000D__x000A_  - Removing resource parameter information from README.md in favor of_x000D__x000A_    GitHub repository wiki._x000D__x000A_  - Remove helper function `Remove-CommonParameter` in favor of the one in_x000D__x000A_    module _DscResource.Common_ ([issue #166](https://github.com/dsccommunity/xDnsServer/issues/166))._x000D__x000A_  - Remove helper function `ConvertTo-CimInstance` in favor of the one in_x000D__x000A_    module _DscResource.Common_ ([issue #167](https://github.com/dsccommunity/xDnsServer/issues/167))._x000D__x000A_  - Remove helper function `ConvertTo-HashTable` in favor of the one in_x000D__x000A_    module _DscResource.Common_ ([issue #168](https://github.com/dsccommunity/xDnsServer/issues/168))._x000D__x000A_- xDnServerSetting_x000D__x000A_  - BREAKING CHANGE: The properties `LogIPFilterList`, `LogFilePath`, `LogFileMaxSize`,_x000D__x000A_    and `EventLogLevel` have been removed. Use the resource _x005F_xDnsServerDiagnostics__x000D__x000A_    with the properties `FilterIPAddressList`, `LogFilePath`, `MaxMBFileSize`,_x000D__x000A_    and `EventLogLevel` respectively to enforce these settings ([issue #190](https://github.com/dsccommunity/xDnsServer/issues/190))._x000D__x000A_    This is done in preparation to support more settings through the cmdlet_x000D__x000A_    `Get-DnsServerSetting` for the resource _x005F_xDnServerSetting_, and these_x000D__x000A_    values are not available through that cmdlet._x000D__x000A__x000D__x000A_### Fixed_x000D__x000A__x000D__x000A_- xDnsServer_x000D__x000A_  - Enable Unit Tests to be run locally._x000D__x000A_  - Rename integr</S>
      <Obj N="Dependencies" RefId="8">
        <TNRef RefId="1" />
        <LST />
      </Obj>
      <S N="RepositorySourceLocation">https://www.powershellgallery.com/api/v2</S>
      <S N="Repository">PSGallery</S>
      <S N="PackageManagementProvider">NuGet</S>
      <Obj N="AdditionalMetadata" RefId="9">
        <TN RefId="4">
          <T>System.Management.Automation.PSCustomObject</T>
          <T>System.Object</T>
        </TN>
        <MS>
          <S N="copyright">Copyright the DSC Community contributors. All rights reserved.</S>
          <S N="description">This module contains DSC resources for the management and configuration of Windows Server DNS Server.</S>
          <S N="requireLicenseAcceptance">False</S>
          <S N="releaseNotes">## [2.0.0] - 2021-03-26_x000A__x000D__x000A_### Deprecated_x000D__x000A__x000D__x000A_- **The module _x005F_xDnsServer_ will be renamed _DnsServerDsc_. Version `2.0.0`_x000D__x000A_  will be the the last release of _x005F_xDnsServer_. Version `3.0.0` will be_x000D__x000A_  release as _DnsServerDsc_, it will be released shortly after the `2.0.0`_x000D__x000A_  release** ([issue #179](https://github.com/dsccommunity/xDnsServer/issues/179))._x000D__x000A_  The prefix 'x' will be removed from all resources in _DnsServerDsc_._x000D__x000A_- xDnsRecord will be removed in the next release (of DnsServerDsc) ([issue #220](https://github.com/dsccommunity/xDnsServer/issues/220))._x000D__x000A_  Start migrate to the resources _DnsRecord*_._x000D__x000A_- xDnsRecordMx will be removed in the next release (of DnsServerDsc) ([issue #228](https://github.com/dsccommunity/xDnsServer/issues/228))._x000D__x000A_  Start migrate to the resources _DnsRecordMx_._x000D__x000A_- The properties `DefaultAgingState`, `ScavengingInterval`, `DefaultNoRefreshInterval`,_x000D__x000A_  and `DefaultRefreshInterval` will be removed from the resource xDnsServerSetting_x000D__x000A_  in the next release (of DnsServerDsc) ([issue #193](https://github.com/dsccommunity/xDnsServer/issues/193))._x000D__x000A_  Migrate to use the resource _DnsServerScavenging_ to enforce these properties._x000D__x000A_- The properties `EnableEDnsProbes` and `EDnsCacheTimeout` will be removed from_x000D__x000A_  the resource xDnsServerSetting in the next release (of DnsServerDsc) ([issue #195](https://github.com/dsccommunity/xDnsServer/issues/195))._x000D__x000A_  Migrate to use the resource _DnsServerEDns_ to enforce these properties._x000D__x000A_- The properties `Forwarders` and `ForwardingTimeout` will be removed from the_x000D__x000A_  resource xDnsServerSetting in the next release (of DnsServerDsc) ([issue #192](https://github.com/dsccommunity/xDnsServer/issues/192))_x000D__x000A_  Migrate to use the resource _x005F_xDnsServerForwarder_ to enforce these properties._x000D__x000A__x000D__x000A_### Added_x000D__x000A__x000D__x000A_- xDnsServer_x000D__x000A_  - Added automatic release with a new CI pipeline._x000D__x000A_  - Add unit tests for the Get-LocalizedData, NewTerminatingError, and_x000D__x000A_    Assert-Module helper functions._x000D__x000A_  - Added description README files for each resource._x000D__x000A_  - Add example files for resources_x000D__x000A_  - OptIn to the following Dsc Resource Meta Tests:_x000D__x000A_    - Common Tests - Validate Localization_x000D__x000A_    - Common Tests - Validate Example Files To Be Published_x000D__x000A_  - Standardize Resource Localization._x000D__x000A_  - Added the build task `Publish_GitHub_Wiki_Content` to publish content_x000D__x000A_    to the GitHub repository wiki._x000D__x000A_  - Added new source folder `WikiSource` which content will be published_x000D__x000A_    to the GitHub repository wiki._x000D__x000A_    - Add the markdown file `Home.md` which will be automatically updated_x000D__x000A_      with the latest version before published to GitHub repository wiki._x000D__x000A_  - Updated the prerequisites in the GitHub repository wiki (`Home.md`)_x000D__x000A_    that _Microsoft DNS Server_ is required on a node targeted by a resource,_x000D__x000A_    and that the DSC resources requires the [DnsServer](https://docs.microsoft.com/en-us/powershell/module/dnsserver)_x000D__x000A_    PowerShell module ([issue #37](https://github.com/dsccommunity/xDnsServer/issues/37))._x000D__x000A_  - Added the base class `ResourcePropertiesBase` to hold DSC properties that_x000D__x000A_    can be inherited for all class-based resources._x000D__x000A_  - Added the base class `ResourceBase` to hold methods that should be_x000D__x000A_    inherited for all class-based resources._x000D__x000A_  - Added new private function `ConvertTo-TimeSpan` to help when evaluating_x000D__x000A_    properties that must be passed as strings and then converted to `[System.TimeSpan]`._x000D__x000A_  - Added new private function `Assert-TimeSpan` to help assert that a value_x000D__x000A_    provided in a resource can be converted to a `[System.TimeSpan]` and_x000D__x000A_    optionally evaluates so it is not below a minium value or over a maximum_x000D__x000A_    value._x000D__x000A_  - Added `prefix.ps1` that is used to import dependent modules like _DscResource.Common_._x000D__x000A_  - Added new resource_x000D__x000A_    - _DnsServerScavenging_ - resource to enforce scavenging settings ([issue #189](https://github.com/dsccommunity/xDnsServer/issues/189))._x000D__x000A_    - _DnsServerEDns_ - resource to enforce extension mechanisms for DNS_x000D__x000A_      (EDNS) settings ([issue #194](https://github.com/dsccommunity/xDnsServer/issues/194))._x000D__x000A_- xDNSServerClientSubnet_x000D__x000A_  - Added integration tests._x000D__x000A_- xDnsServerPrimaryZone_x000D__x000A_  - Added integration tests ([issue #173](https://github.com/dsccommunity/xDnsServer/issues/173))._x000D__x000A_  - Added more examples._x000D__x000A_- xDnsRecordMx_x000D__x000A_  - Added new resource to manage MX records_x000D__x000A_- xDnsServerZoneScope_x000D__x000A_  - Added integration tests ([issue #177](https://github.com/dsccommunity/xDnsServer/issues/177))._x000D__x000A_  - New read-only property `ZoneFile` was added to return the zone scope_x000D__x000A_    file name used for the zone scope._x000D__x000A_- xDnsServerZoneAging_x000D__x000A_  - Added integration tests ([issue #176](https://github.com/dsccommunity/xDnsServer/issues/176))._x000D__x000A_- xDnsServerForwarder_x000D__x000A_  - Added integration tests ([issue #170](https://github.com/dsccommunity/xDnsServer/issues/170))._x000D__x000A_  - Added new properties `Timeout` and `EnableReordering` ([issue #191](https://github.com/dsccommunity/xDnsServer/issues/191))._x000D__x000A_- xDnsServerRootHint_x000D__x000A_  - Added integration tests ([issue #174](https://github.com/dsccommunity/xDnsServer/issues/174))._x000D__x000A_- Added a class `DnsRecordBase` that is used as the base class for the resources that create DNS records._x000D__x000A_  - Added unit tests to get code coverage on unimplemented method calls (ensuring the `throw` statements get called)_x000D__x000A_- DnsRecordSrv_x000D__x000A_  - Added new resource to manage SRV records_x000D__x000A_- DnsRecordSrvScoped_x000D__x000A_  - Added new resource to manage scoped SRV records_x000D__x000A_- DnsRecordA_x000D__x000A_  - Added new resource to manage A records_x000D__x000A_- DnsRecordAScoped_x000D__x000A_  - Added new resource to manage scoped A records_x000D__x000A_- DnsRecordAaaa_x000D__x000A_  - Added new resource to manage AAAA records_x000D__x000A_- DnsRecordAaaaScoped_x000D__x000A_  - Added new resource to manage scoped AAAA records_x000D__x000A_- DnsRecordCname_x000D__x000A_  - Added new resource to manage CNAME records_x000D__x000A_- DnsRecordCnameScoped_x000D__x000A_  - Added new resource to manage scoped CNAME records_x000D__x000A_- DnsRecordPtr_x000D__x000A_  - Added new resource to manage PTR records_x000D__x000A_- DnsRecordMx_x000D__x000A_  - Added new resource to manage MX records_x000D__x000A_- DnsRecordMxScoped_x000D__x000A_  - Added new resource to manage scoped MX records_x000D__x000A__x000D__x000A_### Changed_x000D__x000A__x000D__x000A_- xDnsServer_x000D__x000A_  - BREAKING CHANGE: Set the minimum required PowerShell version to 5.0 to support classes used in the DnsRecordBase-derived resources._x000D__x000A_  - Resolve style guideline violations for hashtables_x000D__x000A_  - Update pipeline files._x000D__x000A_  - Renamed the default branch to `main` ([issue #131](https://github.com/dsccommunity/xDnsServer/issues/131))._x000D__x000A_  - Uses `PublishPipelineArtifact` in  _Azure Pipelines_ pipeline._x000D__x000A_  - Unit tests are now run in PowerShell 7 in the _Azure Pipelines__x000D__x000A_    pipeline ([issue #160](https://github.com/dsccommunity/xDnsServer/issues/160))._x000D__x000A_  - Merged the historic changelog into CHANGELOG.md ([issue #163](https://github.com/dsccommunity/xDnsServer/issues/163))._x000D__x000A_  - Only add required role in integration tests pipeline._x000D__x000A_  - Updated the pipeline to use new deploy tasks._x000D__x000A_  - Revert back to using the latest version of module Sampler for the pipeline ([issue #211](https://github.com/dsccommunity/xDnsServer/issues/211))._x000D__x000A_  - Fixed the sections in the GitHub issue and pull request templates to_x000D__x000A_    have a bit higher font size. This makes it easier to distinguish the_x000D__x000A_    section headers from the text._x000D__x000A_- DnsRecordBase_x000D__x000A_  - Changed class to inherit properties from 'ResourcePropertiesBase`._x000D__x000A_- xDnsRecordSrv_x000D__x000A_  - Now uses `[CimInstance]::new()` both in the resource code and the resource_x000D__x000A_    unit test to clone the existing DNS record instead of using the method_x000D__x000A_    `Clone()` that does not exist in PowerShell 7._x000D__x000A_- xDnsServerSetting_x000D__x000A_  - BREAKING CHANGE: The mandatory parameter was replaced by the mandatory_x000D__x000A_    parameter `DnsServer`. This prevents the resource from being used twice_x000D__x000A_    in the same configuration using the same value for the parameter `DnsServer`_x000D__x000A_    ([issue #156](https://github.com/dsccommunity/xDnsServer/issues/156))._x000D__x000A_- xDnsServerDiagnostics_x000D__x000A_  - BREAKING CHANGE: The mandatory parameter was replaced by the mandatory_x000D__x000A_    parameter `DnsServer`. This prevents the resource from being used twice_x000D__x000A_    in the same configuration using the same value for the parameter `DnsServer`_x000D__x000A_    ([issue #157](https://github.com/dsccommunity/xDnsServer/issues/157))._x000D__x000A_- xDnsServerPrimaryZone_x000D__x000A_  - Now the property `Name` is always returned from `Get-TargetResource`_x000D__x000A_    since it is a `Key` property._x000D__x000A_- xDnsServerForwarder_x000D__x000A_  - When providing an empty collection the resource will enforce that no_x000D__x000A_    forwarders are present._x000D__x000A_- DnsRecordSrv_x000D__x000A_  - Changed logic for calculating the record's hostname_x000D__x000A__x000D__x000A_### Removed_x000D__x000A__x000D__x000A_- xDnsServer_x000D__x000A_  - BREAKING CHANGE: The DSC resource xDnsARecord was removed and are replaced_x000D__x000A_    by the DSC resource xDnsRecord._x000D__x000A_  - Removing resource parameter information from README.md in favor of_x000D__x000A_    GitHub repository wiki._x000D__x000A_  - Remove helper function `Remove-CommonParameter` in favor of the one in_x000D__x000A_    module _DscResource.Common_ ([issue #166](https://github.com/dsccommunity/xDnsServer/issues/166))._x000D__x000A_  - Remove helper function `ConvertTo-CimInstance` in favor of the one in_x000D__x000A_    module _DscResource.Common_ ([issue #167](https://github.com/dsccommunity/xDnsServer/issues/167))._x000D__x000A_  - Remove helper function `ConvertTo-HashTable` in favor of the one in_x000D__x000A_    module _DscResource.Common_ ([issue #168](https://github.com/dsccommunity/xDnsServer/issues/168))._x000D__x000A_- xDnServerSetting_x000D__x000A_  - BREAKING CHANGE: The properties `LogIPFilterList`, `LogFilePath`, `LogFileMaxSize`,_x000D__x000A_    and `EventLogLevel` have been removed. Use the resource _x005F_xDnsServerDiagnostics__x000D__x000A_    with the properties `FilterIPAddressList`, `LogFilePath`, `MaxMBFileSize`,_x000D__x000A_    and `EventLogLevel` respectively to enforce these settings ([issue #190](https://github.com/dsccommunity/xDnsServer/issues/190))._x000D__x000A_    This is done in preparation to support more settings through the cmdlet_x000D__x000A_    `Get-DnsServerSetting` for the resource _x005F_xDnServerSetting_, and these_x000D__x000A_    values are not available through that cmdlet._x000D__x000A__x000D__x000A_### Fixed_x000D__x000A__x000D__x000A_- xDnsServer_x000D__x000A_  - Enable Unit Tests to be run locally._x000D__x000A_  - Rename integr</S>
          <S N="isLatestVersion">True</S>
          <S N="isAbsoluteLatestVersion">True</S>
          <S N="versionDownloadCount">20151</S>
          <S N="downloadCount">961328</S>
          <S N="packageSize">122113</S>
          <S N="published">26/03/2021 16:07:58 +01:00</S>
          <S N="created">26/03/2021 16:07:58 +01:00</S>
          <S N="lastUpdated">21/06/2021 07:12:25 +02:00</S>
          <S N="tags">DesiredStateConfiguration DSC DSCResourceKit DSCResource PSModule PSDscResource_DnsRecordSrv PSDscResource_DnsRecordSrvScoped PSDscResource_x005F_xDnsRecord PSDscResource_x005F_xDnsRecordMx PSDscResource_x005F_xDnsServerADZone PSDscResource_x005F_xDnsServerClientSubnet PSDscResource_x005F_xDnsServerConditionalForwarder PSDscResource_x005F_xDnsServerDiagnostics PSDscResource_x005F_xDnsServerForwarder PSDscResource_x005F_xDnsServerPrimaryZone PSDscResource_x005F_xDnsServerRootHint PSDscResource_x005F_xDnsServerSecondaryZone PSDscResource_x005F_xDnsServerSetting PSDscResource_x005F_xDnsServerZoneAging PSDscResource_x005F_xDnsServerZoneScope PSDscResource_x005F_xDnsServerZoneTransfer PSDscResource_DnsRecordCname PSDscResource_DnsRecordPtr PSDscResource_DnsRecordA PSDscResource_DnsRecordAaaa PSDscResource_DnsRecordCnameScoped PSDscResource_DnsRecordMx PSDscResource_DnsServerEDns PSDscResource_DnsServerScavenging PSDscResource_DnsRecordAaaaScoped PSDscResource_DnsRecordAScoped PSDscResource_DnsRecordMxScoped PSIncludes_DscResource</S>
          <S N="developmentDependency">False</S>
          <S N="updated">2021-06-21T07:12:25Z</S>
          <S N="NormalizedVersion">2.0.0</S>
          <S N="Authors">DSC Community</S>
          <S N="IsPrerelease">false</S>
          <S N="ItemType">Module</S>
          <S N="FileList">xDnsServer.nuspec|xDnsServer.psm1|xDnsServer.psd1|en-US\about_x005F_xDnsServer.help.txt|en-US\DnsRecordSrvScoped.strings.psd1|en-US\DnsServerScavenging.strings.psd1|en-US\DnsRecordA.strings.psd1|en-US\about_DnsServerEDns.help.txt|en-US\DnsRecordBase.strings.psd1|en-US\DnsRecordSrv.strings.psd1|en-US\about_DnsRecordPtr.help.txt|en-US\about_DnsRecordAScoped.help.txt|en-US\DnsRecordAaaaScoped.strings.psd1|en-US\about_DnsRecordA.help.txt|en-US\DnsRecordAaaa.strings.psd1|en-US\DnsRecordCnameScoped.strings.psd1|en-US\about_DnsRecordCname.help.txt|en-US\ResourcePropertiesBase.strings.psd1|en-US\DnsServerEDns.strings.psd1|en-US\about_DnsRecordAaaaScoped.help.txt|en-US\about_DnsRecordMx.help.txt|en-US\about_DnsRecordCnameScoped.help.txt|en-US\about_DnsRecordSrv.help.txt|en-US\about_DnsRecordMxScoped.help.txt|en-US\about_DnsRecordAaaa.help.txt|en-US\DnsRecordMxScoped.strings.psd1|en-US\about_DnsServerScavenging.help.txt|en-US\about_DnsRecordSrvScoped.help.txt|en-US\DnsRecordCname.strings.psd1|en-US\DnsRecordAScoped.strings.psd1|en-US\DnsRecordMx.strings.psd1|en-US\xDnsServer.strings.psd1|en-US\DnsRecordPtr.strings.psd1|DSCResources\MSFT_x005F_xDnsServerADZone\MSFT_x005F_xDnsServerADZone.schema.mof|DSCResources\MSFT_x005F_xDnsServerADZone\MSFT_x005F_xDnsServerADZone.psm1|DSCResources\MSFT_x005F_xDnsServerADZone\README.md|DSCResources\MSFT_x005F_xDnsServerSetting\MSFT_x005F_xDnsServerSetting.psm1|DSCResources\MSFT_x005F_xDnsServerSetting\MSFT_x005F_xDnsServerSetting.schema.mof|DSCResources\MSFT_x005F_xDnsServerSetting\README.md|DSCResources\MSFT_x005F_xDnsRecordMx\MSFT_x005F_xDnsRecordMx.schema.mof|DSCResources\MSFT_x005F_xDnsRecordMx\MSFT_x005F_xDnsRecordMx.psm1|DSCResources\MSFT_x005F_xDnsRecordMx\README.md|DSCResources\MSFT_x005F_xDnsServerSecondaryZone\MSFT_x005F_xDnsServerSecondaryZone.schema.mof|DSCResources\MSFT_x005F_xDnsServerSecondaryZone\MSFT_x005F_xDnsServerSecondaryZone.psm1|DSCResources\MSFT_x005F_xDnsServerSecondaryZone\README.md|DSCResources\MSFT_x005F_xDnsServerZoneTransfer\MSFT_x005F_xDnsServerZoneTransfer.psm1|DSCResources\MSFT_x005F_xDnsServerZoneTransfer\MSFT_x005F_xDnsServerZoneTransfer.schema.mof|DSCResources\MSFT_x005F_xDnsServerZoneTransfer\README.md|DSCResources\MSFT_x005F_xDnsServerDiagnostics\MSFT_x005F_xDnsServerDiagnostics.psm1|DSCResources\MSFT_x005F_xDnsServerDiagnostics\MSFT_x005F_xDnsServerDiagnostics.schema.mof|DSCResources\MSFT_x005F_xDnsServerDiagnostics\README.md|DSCResources\MSFT_x005F_xDnsRecord\MSFT_x005F_xDnsRecord.psm1|DSCResources\MSFT_x005F_xDnsRecord\MSFT_x005F_xDnsRecord.schema.mof|DSCResources\MSFT_x005F_xDnsRecord\README.md|DSCResources\MSFT_x005F_xDnsServerZoneAging\MSFT_x005F_xDnsServerZoneAging.psm1|DSCResources\MSFT_x005F_xDnsServerZoneAging\MSFT_x005F_xDnsServerZoneAging.schema.mof|DSCResources\MSFT_x005F_xDnsServerZoneAging\README.md|DSCResources\MSFT_x005F_xDnsServerClientSubnet\MSFT_x005F_xDnsServerClientSubnet.psm1|DSCResources\MSFT_x005F_xDnsServerClientSubnet\MSFT_x005F_xDnsServerClientSubnet.schema.mof|DSCResources\MSFT_x005F_xDnsServerClientSubnet\README.md|DSCResources\MSFT_x005F_xDnsServerPrimaryZone\MSFT_x005F_xDnsServerPrimaryZone.schema.mof|DSCResources\MSFT_x005F_xDnsServerPrimaryZone\MSFT_x005F_xDnsServerPrimaryZone.psm1|DSCResources\MSFT_x005F_xDnsServerPrimaryZone\README.md|DSCResources\MSFT_x005F_xDnsServerConditionalForwarder\MSFT_x005F_xDnsServerConditionalForwarder.psm1|DSCResources\MSFT_x005F_xDnsServerConditionalForwarder\MSFT_x005F_xDnsServerConditionalForwarder.schema.mof|DSCResources\MSFT_x005F_xDnsServerConditionalForwarder\README.md|DSCResources\MSFT_x005F_xDnsServerZoneScope\MSFT_x005F_xDnsServerZoneScope.psm1|DSCResources\MSFT_x005F_xDnsServerZoneScope\MSFT_x005F_xDnsServerZoneScope.schema.mof|DSCResources\MSFT_x005F_xDnsServerZoneScope\README.md|DSCResources\MSFT_x005F_xDnsServerRootHint\MSFT_x005F_xDnsServerRootHint.psm1|DSCResources\MSFT_x005F_xDnsServerRootHint\MSFT_x005F_xDnsServerRootHint.schema.mof|DSCResources\MSFT_x005F_xDnsServerRootHint\README.md|DSCResources\MSFT_x005F_xDnsServerForwarder\MSFT_x005F_xDnsServerForwarder.schema.mof|DSCResources\MSFT_x005F_xDnsServerForwarder\MSFT_x005F_xDnsServerForwarder.psm1|DSCResources\MSFT_x005F_xDnsServerForwarder\README.md|Modules\DnsServerDsc.Common\DnsServerDsc.Common.psd1|Modules\DnsServerDsc.Common\DnsServerDsc.Common.psm1|DSCResources\MSFT_x005F_xDnsServerADZone\en-US\about_x005F_xDnsServerADZone.help.txt|DSCResources\MSFT_x005F_xDnsServerADZone\en-US\MSFT_x005F_xDnsServerADZone.strings.psd1|DSCResources\MSFT_x005F_xDnsServerSetting\en-US\MSFT_x005F_xDnsServerSetting.strings.psd1|DSCResources\MSFT_x005F_xDnsServerSetting\en-US\about_x005F_xDnsServerSetting.help.txt|DSCResources\MSFT_x005F_xDnsRecordMx\en-US\about_x005F_xDnsRecordMx.help.txt|DSCResources\MSFT_x005F_xDnsRecordMx\en-US\MSFT_x005F_xDnsRecordMx.strings.psd1|DSCResources\MSFT_x005F_xDnsServerSecondaryZone\en-US\MSFT_x005F_xDnsServerSecondaryZone.strings.psd1|DSCResources\MSFT_x005F_xDnsServerSecondaryZone\en-US\about_x005F_xDnsServerSecondaryZone.help.txt|DSCResources\MSFT_x005F_xDnsServerZoneTransfer\en-US\about_x005F_xDnsServerZoneTransfer.help.txt|DSCResources\MSFT_x005F_xDnsServerZoneTransfer\en-US\MSFT_x005F_xDnsServerZoneTransfer.strings.psd1|DSCResources\MSFT_x005F_xDnsServerDiagnostics\en-US\about_x005F_xDnsServerDiagnostics.help.txt|DSCResources\MSFT_x005F_xDnsServerDiagnostics\en-US\MSFT_x005F_xDnsServerDiagnostics.strings.psd1|DSCResources\MSFT_x005F_xDnsRecord\en-US\about_x005F_xDnsRecord.help.txt|DSCResources\MSFT_x005F_xDnsRecord\en-US\MSFT_x005F_xDnsRecord.strings.psd1|DSCResources\MSFT_x005F_xDnsServerZoneAging\en-US\MSFT_x005F_xDnsServerZoneAging.strings.psd1|DSCResources\MSFT_x005F_xDnsServerZoneAging\en-US\about_x005F_xDnsServerZoneAging.help.txt|DSCResources\MSFT_x005F_xDnsServerClientSubnet\en-US\about_x005F_xDnsServerClientSubnet.help.txt|DSCResources\MSFT_x005F_xDnsServerClientSubnet\en-US\MSFT_x005F_xDnsServerClientSubnet.strings.psd1|DSCResources\MSFT_x005F_xDnsServerPrimaryZone\en-US\MSFT_x005F_xDnsServerPrimaryZone.strings.psd1|DSCResources\MSFT_x005F_xDnsServerPrimaryZone\en-US\about_x005F_xDnsServerPrimaryZone.help.txt|DSCResources\MSFT_x005F_xDnsServerConditionalForwarder\en-US\MSFT_x005F_xDnsServerConditionalForwarder.strings.psd1|DSCResources\MSFT_x005F_xDnsServerConditionalForwarder\en-US\about_x005F_xDnsServerConditionalForwarder.help.txt|DSCResources\MSFT_x005F_xDnsServerZoneScope\en-US\about_x005F_xDnsServerZoneScope.help.txt|DSCResources\MSFT_x005F_xDnsServerZoneScope\en-US\MSFT_x005F_xDnsServerZoneScope.strings.psd1|DSCResources\MSFT_x005F_xDnsServerRootHint\en-US\about_x005F_xDnsServerRootHint.help.txt|DSCResources\MSFT_x005F_xDnsServerRootHint\en-US\MSFT_x005F_xDnsServerRootHint.strings.psd1|DSCResources\MSFT_x005F_xDnsServerForwarder\en-US\about_x005F_xDnsServerForwarder.help.txt|DSCResources\MSFT_x005F_xDnsServerForwarder\en-US\MSFT_x005F_xDnsServerForwarder.strings.psd1|Modules\DnsServerDsc.Common\en-US\DnsServerDsc.Common.strings.psd1|Modules\DscResource.Common\0.10.2\DscResource.Common.psm1|Modules\DscResource.Common\0.10.2\DscResource.Common.psd1|Modules\DscResource.Common\0.10.2\en-US\DscResource.Common.strings.psd1|Modules\DscResource.Common\0.10.2\en-US\about_DscResource.Common.help.txt</S>
          <S N="GUID">5f70e6a1-f1b2-4ba0-8276-8967d43a7ec2</S>
          <S N="PowerShellVersion">5.0</S>
          <S N="CompanyName">DSC Community</S>
        </MS>
      </Obj>
      <S N="InstalledLocation">C:\Users\yvand\Documents\PowerShell\Modules\xDnsServer\2.0.0</S>
    </MS>
  </Obj>
</Objs>
