<Objs Version="1.1.0.1" xmlns="http://schemas.microsoft.com/powershell/2004/04">
  <Obj RefId="0">
    <TN RefId="0">
      <T>Microsoft.PowerShell.Commands.PSRepositoryItemInfo</T>
      <T>System.Management.Automation.PSCustomObject</T>
      <T>System.Object</T>
    </TN>
    <MS>
      <S N="Name">xWebAdministration</S>
      <Version N="Version">3.3.0</Version>
      <S N="Type">Module</S>
      <S N="Description">Module with DSC Resources for Web Administration</S>
      <S N="Author">DSC Community</S>
      <Obj N="CompanyName" RefId="1">
        <TN RefId="1">
          <T>System.Object[]</T>
          <T>System.Array</T>
          <T>System.Object</T>
        </TN>
        <LST>
          <S>PowerShellTeam</S>
          <S>gaelcolas</S>
          <S>dsccommunity</S>
        </LST>
      </Obj>
      <S N="Copyright">Copyright the DSC Community contributors. All rights reserved.</S>
      <DT N="PublishedDate">2022-06-03T16:38:57+02:00</DT>
      <Obj N="InstalledDate" RefId="2">
        <DT>2022-07-27T11:14:01.5907853+02:00</DT>
        <MS>
          <Obj N="DisplayHint" RefId="3">
            <TN RefId="2">
              <T>Microsoft.PowerShell.Commands.DisplayHintType</T>
              <T>System.Enum</T>
              <T>System.ValueType</T>
              <T>System.Object</T>
            </TN>
            <ToString>DateTime</ToString>
            <I32>2</I32>
          </Obj>
        </MS>
      </Obj>
      <Nil N="UpdatedDate" />
      <URI N="LicenseUri">https://github.com/dsccommunity/xWebAdministration/blob/main/LICENSE</URI>
      <URI N="ProjectUri">https://github.com/dsccommunity/xWebAdministration</URI>
      <URI N="IconUri">https://dsccommunity.org/images/DSC_Logo_300p.png</URI>
      <Obj N="Tags" RefId="4">
        <TNRef RefId="1" />
        <LST>
          <S>DesiredStateConfiguration</S>
          <S>DSC</S>
          <S>DSCResourceKit</S>
          <S>DSCResource</S>
          <S>PSModule</S>
        </LST>
      </Obj>
      <Obj N="Includes" RefId="5">
        <TN RefId="3">
          <T>System.Collections.Hashtable</T>
          <T>System.Object</T>
        </TN>
        <DCT>
          <En>
            <S N="Key">RoleCapability</S>
            <Obj N="Value" RefId="6">
              <TNRef RefId="1" />
              <LST />
            </Obj>
          </En>
          <En>
            <S N="Key">Workflow</S>
            <Ref N="Value" RefId="6" />
          </En>
          <En>
            <S N="Key">Cmdlet</S>
            <Ref N="Value" RefId="6" />
          </En>
          <En>
            <S N="Key">Function</S>
            <Ref N="Value" RefId="6" />
          </En>
          <En>
            <S N="Key">DscResource</S>
            <Obj N="Value" RefId="7">
              <TNRef RefId="1" />
              <LST>
                <S>WebApplicationHandler</S>
                <S>xIisFeatureDelegation</S>
                <S>xIisHandler</S>
                <S>xIisLogging</S>
                <S>xIisMimeTypeMapping</S>
                <S>xIisModule</S>
                <S>xSslSettings</S>
                <S>xWebApplication</S>
                <S>xWebAppPool</S>
                <S>xWebAppPoolDefaults</S>
                <S>xWebConfigKeyValue</S>
                <S>xWebConfigProperty</S>
                <S>xWebConfigPropertyCollection</S>
                <S>xWebSite</S>
                <S>xWebSiteDefaults</S>
                <S>xWebVirtualDirectory</S>
              </LST>
            </Obj>
          </En>
          <En>
            <S N="Key">Command</S>
            <Ref N="Value" RefId="6" />
          </En>
        </DCT>
      </Obj>
      <Nil N="PowerShellGetFormatVersion" />
      <S N="ReleaseNotes">## [3.3.0] - 2022-06-03_x000A__x000A_### Deprecated_x000A__x000A_- **The module _x005F_xWebAdministration_ will be renamed to _WebAdministrationDsc__x000A_  ([issue #213](https://github.com/dsccommunity/xWebAdministration/issues/213))._x000A_  The version `v3.3.0` will be the the last release of _x005F_xWebAdministration_._x000A_  Version `v4.0.0` will be released as _WebAdministrationDsc_, it will be_x000A_  released shortly after the `v3.3.0` release to be able to start transition_x000A_  to the new module. The prefix 'x' will be removed from all resources in_x000A_  _WebAdministrationDsc_.**_x000A__x000A_### Changed_x000A__x000A_- xWebAdministration_x000A_  - Renamed `master` branch to `main` ([issue #591](https://github.com/PowerShell/xWebAdministration/issues/591))._x000A_  - The pipeline will now update the module manifest property `DscResourcesToExport`_x000A_    automatically._x000A_  - Only run the CI/CD pipeline on branch _main_ when there are changes to files_x000A_    inside the `source` folder._x000A_  - Update the pipeline files to the latest from Sampler._x000A_  - Switched build worker from Windows Server 2016 to Windows Server 2022,_x000A_    so that both Windows Server 2019 and Windows Server 2022 is now used._x000A_  - Add resources README.md for wiki documentation._x000A_- CommonTestHelper_x000A_  - Removed the helper function `Install-NewSelfSignedCertificateExScript`_x000A_    as the script it used is no longer available. Switched to using the_x000A_    module _PSPKI_ instead._x000A__x000A_### Fixed_x000A__x000A_- xWebAdministration_x000A_  - The component `gitversion` that is used in the pipeline was wrongly configured_x000A_    when the repository moved to the new default branch `main`. It no longer throws_x000A_    an error when using newer versions of GitVersion._x000A_- xIisLogging_x000A_  - Fixed the descriptions for SourceType and SourceName which were incorrectly_x000A_    switched around in the `README.md`.</S>
      <Obj N="Dependencies" RefId="8">
        <TNRef RefId="1" />
        <LST />
      </Obj>
      <S N="RepositorySourceLocation">https://www.powershellgallery.com/api/v2</S>
      <S N="Repository">PSGallery</S>
      <S N="PackageManagementProvider">NuGet</S>
      <Obj N="AdditionalMetadata" RefId="9">
        <TN RefId="4">
          <T>System.Management.Automation.PSCustomObject</T>
          <T>System.Object</T>
        </TN>
        <MS>
          <S N="copyright">Copyright the DSC Community contributors. All rights reserved.</S>
          <S N="description">Module with DSC Resources for Web Administration</S>
          <S N="requireLicenseAcceptance">False</S>
          <S N="releaseNotes">## [3.3.0] - 2022-06-03_x000A__x000A_### Deprecated_x000A__x000A_- **The module _x005F_xWebAdministration_ will be renamed to _WebAdministrationDsc__x000A_  ([issue #213](https://github.com/dsccommunity/xWebAdministration/issues/213))._x000A_  The version `v3.3.0` will be the the last release of _x005F_xWebAdministration_._x000A_  Version `v4.0.0` will be released as _WebAdministrationDsc_, it will be_x000A_  released shortly after the `v3.3.0` release to be able to start transition_x000A_  to the new module. The prefix 'x' will be removed from all resources in_x000A_  _WebAdministrationDsc_.**_x000A__x000A_### Changed_x000A__x000A_- xWebAdministration_x000A_  - Renamed `master` branch to `main` ([issue #591](https://github.com/PowerShell/xWebAdministration/issues/591))._x000A_  - The pipeline will now update the module manifest property `DscResourcesToExport`_x000A_    automatically._x000A_  - Only run the CI/CD pipeline on branch _main_ when there are changes to files_x000A_    inside the `source` folder._x000A_  - Update the pipeline files to the latest from Sampler._x000A_  - Switched build worker from Windows Server 2016 to Windows Server 2022,_x000A_    so that both Windows Server 2019 and Windows Server 2022 is now used._x000A_  - Add resources README.md for wiki documentation._x000A_- CommonTestHelper_x000A_  - Removed the helper function `Install-NewSelfSignedCertificateExScript`_x000A_    as the script it used is no longer available. Switched to using the_x000A_    module _PSPKI_ instead._x000A__x000A_### Fixed_x000A__x000A_- xWebAdministration_x000A_  - The component `gitversion` that is used in the pipeline was wrongly configured_x000A_    when the repository moved to the new default branch `main`. It no longer throws_x000A_    an error when using newer versions of GitVersion._x000A_- xIisLogging_x000A_  - Fixed the descriptions for SourceType and SourceName which were incorrectly_x000A_    switched around in the `README.md`.</S>
          <S N="isLatestVersion">True</S>
          <S N="isAbsoluteLatestVersion">True</S>
          <S N="versionDownloadCount">276991</S>
          <S N="downloadCount">21462624</S>
          <S N="packageSize">115526</S>
          <S N="published">03/06/2022 16:38:57 +02:00</S>
          <S N="created">03/06/2022 16:38:57 +02:00</S>
          <S N="lastUpdated">27/07/2022 09:11:38 +02:00</S>
          <S N="tags">DesiredStateConfiguration DSC DSCResourceKit DSCResource PSModule PSDscResource_WebApplicationHandler PSDscResource_x005F_xIisFeatureDelegation PSDscResource_x005F_xIisHandler PSDscResource_x005F_xIisLogging PSDscResource_x005F_xIisMimeTypeMapping PSDscResource_x005F_xIisModule PSDscResource_x005F_xSslSettings PSDscResource_x005F_xWebApplication PSDscResource_x005F_xWebAppPool PSDscResource_x005F_xWebAppPoolDefaults PSDscResource_x005F_xWebConfigKeyValue PSDscResource_x005F_xWebConfigProperty PSDscResource_x005F_xWebConfigPropertyCollection PSDscResource_x005F_xWebSite PSDscResource_x005F_xWebSiteDefaults PSDscResource_x005F_xWebVirtualDirectory PSIncludes_DscResource</S>
          <S N="developmentDependency">False</S>
          <S N="updated">2022-07-27T09:11:38Z</S>
          <S N="NormalizedVersion">3.3.0</S>
          <S N="Authors">DSC Community</S>
          <S N="IsPrerelease">false</S>
          <S N="ItemType">Module</S>
          <S N="FileList">xWebAdministration.nuspec|DSCResources\MSFT_WebApplicationHandler\MSFT_WebApplicationHandler.schema.mof|xWebAdministration.psd1|DSCResources\MSFT_WebApplicationHandler\MSFT_WebApplicationHandler.psm1|xWebAdministration.psm1|DSCResources\MSFT_WebApplicationHandler\README.md|en-US\about_x005F_xWebAdministration.help.txt|DSCResources\MSFT_x005F_xIisMimeTypeMapping\MSFT_x005F_xIisMimeTypeMapping.psm1|DSCResources\MSFT_x005F_xWebSite\MSFT_x005F_xWebSite.psm1|DSCResources\MSFT_x005F_xIisMimeTypeMapping\MSFT_x005F_xIisMimeTypeMapping.schema.mof|DSCResources\MSFT_x005F_xWebSite\MSFT_x005F_xWebSite.schema.mof|DSCResources\MSFT_x005F_xIisMimeTypeMapping\README.md|DSCResources\MSFT_x005F_xWebSite\README.md|DSCResources\MSFT_x005F_xWebAppPoolDefaults\MSFT_x005F_xWebAppPoolDefaults.schema.mof|DSCResources\MSFT_x005F_xWebConfigKeyValue\MSFT_x005F_xWebConfigKeyValue.schema.mof|DSCResources\MSFT_x005F_xWebAppPoolDefaults\MSFT_x005F_xWebAppPoolDefaults.psm1|DSCResources\MSFT_x005F_xWebConfigKeyValue\README.md|DSCResources\MSFT_x005F_xWebAppPoolDefaults\README.md|DSCResources\MSFT_x005F_xWebConfigKeyValue\MSFT_x005F_xWebConfigKeyValue.psm1|Modules\xWebAdministration.Common\xWebAdministration.Common.psm1|DSCResources\MSFT_x005F_xWebSiteDefaults\MSFT_x005F_xWebSiteDefaults.schema.mof|Modules\xWebAdministration.Common\xWebAdministration.Common.psd1|DSCResources\MSFT_x005F_xWebSiteDefaults\MSFT_x005F_xWebSiteDefaults.psm1|DSCResources\MSFT_x005F_xWebSite\en-US\about_x005F_xWebSite.help.txt|DSCResources\MSFT_x005F_xWebSiteDefaults\README.md|DSCResources\MSFT_x005F_xWebSite\en-US\MSFT_x005F_xWebSite.strings.psd1|DSCResources\MSFT_x005F_xIisLogging\MSFT_x005F_xIisLogging.psm1|DSCResources\MSFT_x005F_xWebConfigKeyValue\en-US\MSFT_x005F_xWebConfigKeyValue.strings.psd1|DSCResources\MSFT_x005F_xIisLogging\MSFT_x005F_xIisLogging.schema.mof|DSCResources\MSFT_x005F_xWebConfigKeyValue\en-US\about_x005F_xWebConfigKeyValue.help.txt|DSCResources\MSFT_x005F_xIisLogging\README.md|DSCResources\MSFT_x005F_xWebSiteDefaults\en-US\about_x005F_xWebSiteDefaults.help.txt|DSCResources\MSFT_x005F_xWebConfigPropertyCollection\MSFT_x005F_xWebConfigPropertyCollection.schema.mof|DSCResources\MSFT_x005F_xWebSiteDefaults\en-US\MSFT_x005F_xWebSiteDefaults.strings.psd1|DSCResources\MSFT_x005F_xWebConfigPropertyCollection\MSFT_x005F_xWebConfigPropertyCollection.psm1|DSCResources\MSFT_x005F_xIisLogging\en-US\about_x005F_xIisLogging.help.txt|DSCResources\MSFT_x005F_xWebConfigPropertyCollection\README.md|DSCResources\MSFT_x005F_xIisLogging\en-US\MSFT_x005F_xIisLogging.strings.psd1|DSCResources\MSFT_x005F_xWebVirtualDirectory\MSFT_x005F_xWebVirtualDirectory.psm1|DSCResources\MSFT_x005F_xWebConfigPropertyCollection\en-US\MSFT_x005F_xWebConfigPropertyCollection.strings.psd1|DSCResources\MSFT_x005F_xWebVirtualDirectory\MSFT_x005F_xWebVirtualDirectory.schema.mof|DSCResources\MSFT_x005F_xWebConfigPropertyCollection\en-US\about_x005F_xWebConfigPropertyCollection.help.txt|DSCResources\MSFT_x005F_xWebVirtualDirectory\README.md|DSCResources\MSFT_x005F_xWebVirtualDirectory\en-US\MSFT_x005F_xWebVirtualDirectory.strings.psd1|DSCResources\MSFT_x005F_xWebApplication\MSFT_x005F_xWebApplication.schema.mof|DSCResources\MSFT_x005F_xWebVirtualDirectory\en-US\about_x005F_xWebVirtualDirectory.help.txt|DSCResources\MSFT_x005F_xWebApplication\MSFT_x005F_xWebApplication.psm1|DSCResources\MSFT_x005F_xWebApplication\en-US\about_x005F_xWebApplication.help.txt|DSCResources\MSFT_x005F_xWebApplication\README.md|DSCResources\MSFT_x005F_xWebApplication\en-US\MSFT_x005F_xWebApplication.strings.psd1|DSCResources\MSFT_x005F_xWebAppPool\MSFT_x005F_xWebAppPool.schema.mof|DSCResources\MSFT_x005F_xWebAppPool\en-US\about_x005F_xWebAppPool.help.txt|DSCResources\MSFT_x005F_xWebAppPool\README.md|DSCResources\MSFT_x005F_xWebAppPool\en-US\MSFT_x005F_xWebAppPool.strings.psd1|DSCResources\MSFT_x005F_xWebAppPool\MSFT_x005F_xWebAppPool.psm1|DSCResources\MSFT_x005F_xIIsHandler\en-US\about_x005F_xIisHandler.help.txt|DSCResources\MSFT_x005F_xIIsHandler\MSFT_x005F_xIisHandler.psm1|DSCResources\MSFT_x005F_xIIsHandler\en-US\MSFT_x005F_xIIsHandler.strings.psd1|DSCResources\MSFT_x005F_xIIsHandler\MSFT_x005F_xIisHandler.schema.mof|DSCResources\MSFT_x005F_xIisFeatureDelegation\en-US\MSFT_x005F_xIisFeatureDelegation.strings.psd1|DSCResources\MSFT_x005F_xIIsHandler\README.md|DSCResources\MSFT_x005F_xIisFeatureDelegation\en-US\about_x005F_xIisFeatureDelegation.help.txt|DSCResources\MSFT_x005F_xIisFeatureDelegation\MSFT_x005F_xIisFeatureDelegation.psm1|DSCResources\MSFT_x005F_xWebConfigProperty\en-US\MSFT_x005F_xWebConfigProperty.strings.psd1|DSCResources\MSFT_x005F_xIisFeatureDelegation\MSFT_x005F_xIisFeatureDelegation.schema.mof|DSCResources\MSFT_x005F_xWebConfigProperty\en-US\about_x005F_xWebConfigProperty.help.txt|DSCResources\MSFT_x005F_xIisFeatureDelegation\README.md|DSCResources\MSFT_x005F_xIisModule\en-US\about_x005F_xIisModule.help.txt|DSCResources\MSFT_x005F_xWebConfigProperty\MSFT_x005F_xWebConfigProperty.schema.mof|DSCResources\MSFT_x005F_xIisModule\en-US\MSFT_x005F_xIisModule.strings.psd1|DSCResources\MSFT_x005F_xWebConfigProperty\MSFT_x005F_xWebConfigProperty.psm1|DSCResources\MSFT_x005F_xSslSettings\en-US\MSFT_x005F_xSslSettings.strings.psd1|DSCResources\MSFT_x005F_xWebConfigProperty\README.md|DSCResources\MSFT_x005F_xSslSettings\en-US\about_x005F_xSslSettings.help.txt|DSCResources\MSFT_x005F_xIisModule\MSFT_x005F_xIisModule.schema.mof|DSCResources\MSFT_WebApplicationHandler\en-US\MSFT_WebApplicationHandler.strings.psd1|DSCResources\MSFT_x005F_xIisModule\README.md|DSCResources\MSFT_WebApplicationHandler\en-US\about_WebApplicationHandler.help.txt|DSCResources\MSFT_x005F_xIisModule\xIisModuleDesigner.ps1|DSCResources\MSFT_x005F_xIisMimeTypeMapping\en-US\about_x005F_xIisMimeTypeMapping.help.txt|DSCResources\MSFT_x005F_xIisModule\MSFT_x005F_xIisModule.psm1|DSCResources\MSFT_x005F_xIisMimeTypeMapping\en-US\MSFT_x005F_xIisMimeTypeMapping.strings.psd1|DSCResources\MSFT_x005F_xSslSettings\MSFT_x005F_xSslSettings.schema.mof|DSCResources\MSFT_x005F_xWebAppPoolDefaults\en-US\about_x005F_xWebAppPoolDefaults.help.txt|DSCResources\MSFT_x005F_xSslSettings\MSFT_x005F_xSslSettings.psm1|DSCResources\MSFT_x005F_xWebAppPoolDefaults\en-US\MSFT_x005F_xWebAppPoolDefaults.strings.psd1|DSCResources\MSFT_x005F_xSslSettings\README.md|Modules\xWebAdministration.Common\en-US\xWebAdministration.Common.strings.psd1</S>
          <S N="GUID">b3239f27-d7d3-4ae6-a5d2-d9a1c97d6ae4</S>
          <S N="PowerShellVersion">4.0</S>
          <S N="CLRVersion">4.0</S>
          <S N="CompanyName">DSC Community</S>
        </MS>
      </Obj>
      <S N="InstalledLocation">C:\Users\yvand\Documents\PowerShell\Modules\xWebAdministration\3.3.0</S>
    </MS>
  </Obj>
</Objs>
