<Objs Version="1.1.0.1" xmlns="http://schemas.microsoft.com/powershell/2004/04">
  <Obj RefId="0">
    <TN RefId="0">
      <T>Microsoft.PowerShell.Commands.PSRepositoryItemInfo</T>
      <T>System.Management.Automation.PSCustomObject</T>
      <T>System.Object</T>
    </TN>
    <MS>
      <S N="Name">WebAdministrationDsc</S>
      <Version N="Version">4.0.0</Version>
      <S N="Type">Module</S>
      <S N="Description">Module with DSC Resources for Web Administration</S>
      <S N="Author">DSC Community</S>
      <Obj N="CompanyName" RefId="1">
        <TN RefId="1">
          <T>System.Object[]</T>
          <T>System.Array</T>
          <T>System.Object</T>
        </TN>
        <LST>
          <S>PowerShellTeam</S>
          <S>gaelcolas</S>
          <S>dsccommunity</S>
        </LST>
      </Obj>
      <S N="Copyright">Copyright the DSC Community contributors. All rights reserved.</S>
      <DT N="PublishedDate">2022-09-17T17:51:19+02:00</DT>
      <Obj N="InstalledDate" RefId="2">
        <DT>2022-09-27T10:06:22.8010355+02:00</DT>
        <MS>
          <Obj N="DisplayHint" RefId="3">
            <TN RefId="2">
              <T>Microsoft.PowerShell.Commands.DisplayHintType</T>
              <T>System.Enum</T>
              <T>System.ValueType</T>
              <T>System.Object</T>
            </TN>
            <ToString>DateTime</ToString>
            <I32>2</I32>
          </Obj>
        </MS>
      </Obj>
      <Nil N="UpdatedDate" />
      <URI N="LicenseUri">https://github.com/dsccommunity/WebAdministrationDsc/blob/main/LICENSE</URI>
      <URI N="ProjectUri">https://github.com/dsccommunity/WebAdministrationDsc</URI>
      <URI N="IconUri">https://dsccommunity.org/images/DSC_Logo_300p.png</URI>
      <Obj N="Tags" RefId="4">
        <TNRef RefId="1" />
        <LST>
          <S>DesiredStateConfiguration</S>
          <S>DSC</S>
          <S>DSCResourceKit</S>
          <S>DSCResource</S>
          <S>PSModule</S>
        </LST>
      </Obj>
      <Obj N="Includes" RefId="5">
        <TN RefId="3">
          <T>System.Collections.Hashtable</T>
          <T>System.Object</T>
        </TN>
        <DCT>
          <En>
            <S N="Key">Command</S>
            <Obj N="Value" RefId="6">
              <TNRef RefId="1" />
              <LST />
            </Obj>
          </En>
          <En>
            <S N="Key">DscResource</S>
            <Obj N="Value" RefId="7">
              <TNRef RefId="1" />
              <LST>
                <S>IisFeatureDelegation</S>
                <S>IisLogging</S>
                <S>IisMimeTypeMapping</S>
                <S>IisModule</S>
                <S>SslSettings</S>
                <S>WebApplication</S>
                <S>WebApplicationHandler</S>
                <S>WebAppPool</S>
                <S>WebAppPoolDefaults</S>
                <S>WebConfigProperty</S>
                <S>WebConfigPropertyCollection</S>
                <S>WebSite</S>
                <S>WebSiteDefaults</S>
                <S>WebVirtualDirectory</S>
              </LST>
            </Obj>
          </En>
          <En>
            <S N="Key">Workflow</S>
            <Ref N="Value" RefId="6" />
          </En>
          <En>
            <S N="Key">Cmdlet</S>
            <Ref N="Value" RefId="6" />
          </En>
          <En>
            <S N="Key">RoleCapability</S>
            <Ref N="Value" RefId="6" />
          </En>
          <En>
            <S N="Key">Function</S>
            <Ref N="Value" RefId="6" />
          </En>
        </DCT>
      </Obj>
      <Nil N="PowerShellGetFormatVersion" />
      <S N="ReleaseNotes">## [4.0.0] - 2022-09-17_x000A__x000A_### Changed_x000A__x000A_- WebAdministrationDsc_x000A_  - BREAKING CHANGE_x000A_    - Renamed _x005F_xWebAdministration_ to _WebAdministrationDSC_ - fixes [Issue #69](https://github.com/dsccommunity/WebAdministrationDsc/issues/213)._x000A_    - Changed all MSFT_x005F_xResourceName to DSC_ResourceName._x000A_    - Updated DSCResources, Examples, Modules and Tests for new naming._x000A_    - Updated README.md from _x005F_xWebAdministration_ to _WebAdministrationDSC__x000A_    - Removed deprecated resource `xIISHandler`_x000A_    - Removed deprecated resource `xWebConfigKeyValue`_x000A_- Website_x000A_  - Fixed Test-TargetResource in Website when LogTruncateSize parameter is_x000A_    passed. Fixes [Issue #380](https://github.com/dsccommunity/WebAdministrationDsc/issues/380)_x000A__x000A_### Fixed_x000A__x000A_- WebAdministrationDsc_x000A_  - Fixed URLs in README.md_x000A_- WebApplication_x000A_  - Fixed typo in README.md.</S>
      <Obj N="Dependencies" RefId="8">
        <TNRef RefId="1" />
        <LST />
      </Obj>
      <S N="RepositorySourceLocation">https://www.powershellgallery.com/api/v2</S>
      <S N="Repository">PSGallery</S>
      <S N="PackageManagementProvider">NuGet</S>
      <Obj N="AdditionalMetadata" RefId="9">
        <TN RefId="4">
          <T>System.Management.Automation.PSCustomObject</T>
          <T>System.Object</T>
        </TN>
        <MS>
          <S N="copyright">Copyright the DSC Community contributors. All rights reserved.</S>
          <S N="description">Module with DSC Resources for Web Administration</S>
          <S N="requireLicenseAcceptance">False</S>
          <S N="releaseNotes">## [4.0.0] - 2022-09-17_x000A__x000A_### Changed_x000A__x000A_- WebAdministrationDsc_x000A_  - BREAKING CHANGE_x000A_    - Renamed _x005F_xWebAdministration_ to _WebAdministrationDSC_ - fixes [Issue #69](https://github.com/dsccommunity/WebAdministrationDsc/issues/213)._x000A_    - Changed all MSFT_x005F_xResourceName to DSC_ResourceName._x000A_    - Updated DSCResources, Examples, Modules and Tests for new naming._x000A_    - Updated README.md from _x005F_xWebAdministration_ to _WebAdministrationDSC__x000A_    - Removed deprecated resource `xIISHandler`_x000A_    - Removed deprecated resource `xWebConfigKeyValue`_x000A_- Website_x000A_  - Fixed Test-TargetResource in Website when LogTruncateSize parameter is_x000A_    passed. Fixes [Issue #380](https://github.com/dsccommunity/WebAdministrationDsc/issues/380)_x000A__x000A_### Fixed_x000A__x000A_- WebAdministrationDsc_x000A_  - Fixed URLs in README.md_x000A_- WebApplication_x000A_  - Fixed typo in README.md.</S>
          <S N="isLatestVersion">True</S>
          <S N="isAbsoluteLatestVersion">True</S>
          <S N="versionDownloadCount">1153</S>
          <S N="downloadCount">236519</S>
          <S N="packageSize">122819</S>
          <S N="published">17/09/2022 17:51:19 +02:00</S>
          <S N="created">17/09/2022 17:51:19 +02:00</S>
          <S N="lastUpdated">27/09/2022 07:42:08 +02:00</S>
          <S N="tags">DesiredStateConfiguration DSC DSCResourceKit DSCResource PSModule PSDscResource_IisFeatureDelegation PSDscResource_IisLogging PSDscResource_IisMimeTypeMapping PSDscResource_IisModule PSDscResource_SslSettings PSDscResource_WebApplication PSDscResource_WebApplicationHandler PSDscResource_WebAppPool PSDscResource_WebAppPoolDefaults PSDscResource_WebConfigProperty PSDscResource_WebConfigPropertyCollection PSDscResource_WebSite PSDscResource_WebSiteDefaults PSDscResource_WebVirtualDirectory PSIncludes_DscResource</S>
          <S N="developmentDependency">False</S>
          <S N="updated">2022-09-27T07:42:08Z</S>
          <S N="NormalizedVersion">4.0.0</S>
          <S N="Authors">DSC Community</S>
          <S N="IsPrerelease">false</S>
          <S N="ItemType">Module</S>
          <S N="FileList">WebAdministrationDsc.nuspec|DSCResources\DSC_SslSettings\README.md|DSCResources\DSC_WebConfigPropertyCollection\DSC_WebConfigPropertyCollection.schema.mof|WebAdministrationDsc.psd1|DSCResources\DSC_WebConfigPropertyCollection\DSC_WebConfigPropertyCollection.psm1|WebAdministrationDsc.psm1|DSCResources\DSC_WebConfigPropertyCollection\README.md|en-US\about_x005F_xWebAdministration.help.txt|DSCResources\DSC_IisLogging\DSC_IisLogging.schema.mof|Modules\WebAdministrationDsc.Common\WebAdministrationDsc.Common.psm1|DSCResources\DSC_IisLogging\README.md|Modules\WebAdministrationDsc.Common\WebAdministrationDsc.Common.psd1|DSCResources\DSC_IisLogging\DSC_IisLogging.psm1|DSCResources\DSC_IisFeatureDelegation\DSC_IisFeatureDelegation.psm1|Modules\WebAdministrationDsc.Common\en-US\WebAdministrationDsc.Common.strings.psd1|DSCResources\DSC_IisFeatureDelegation\DSC_IisFeatureDelegation.schema.mof|Modules\DscResource.Common\0.11.1\DscResource.Common.psd1|DSCResources\DSC_IisFeatureDelegation\README.md|Modules\DscResource.Common\0.11.1\DscResource.Common.psm1|DSCResources\DSC_WebConfigProperty\DSC_WebConfigProperty.schema.mof|DSCResources\DSC_IisFeatureDelegation\en-US\about_IisFeatureDelegation.help.txt|DSCResources\DSC_WebConfigProperty\DSC_WebConfigProperty.psm1|DSCResources\DSC_IisFeatureDelegation\en-US\DSC_IisFeatureDelegation.strings.psd1|DSCResources\DSC_WebConfigProperty\README.md|DSCResources\DSC_WebConfigProperty\en-US\DSC_WebConfigProperty.strings.psd1|DSCResources\DSC_WebVirtualDirectory\DSC_WebVirtualDirectory.schema.mof|DSCResources\DSC_WebConfigProperty\en-US\about_WebConfigProperty.help.txt|DSCResources\DSC_WebVirtualDirectory\README.md|DSCResources\DSC_WebVirtualDirectory\en-US\about_WebVirtualDirectory.help.txt|DSCResources\DSC_WebVirtualDirectory\DSC_WebVirtualDirectory.psm1|DSCResources\DSC_WebVirtualDirectory\en-US\DSC_WebVirtualDirectory.strings.psd1|DSCResources\DSC_WebAppPool\DSC_WebAppPool.psm1|DSCResources\DSC_WebAppPool\en-US\about_WebAppPool.help.txt|DSCResources\DSC_WebAppPool\README.md|DSCResources\DSC_WebAppPool\en-US\DSC_WebAppPool.strings.psd1|DSCResources\DSC_WebAppPool\DSC_WebAppPool.schema.mof|DSCResources\DSC_WebApplication\en-US\DSC_WebApplication.strings.psd1|DSCResources\DSC_WebApplication\DSC_WebApplication.schema.mof|DSCResources\DSC_WebApplication\en-US\about_WebApplication.help.txt|DSCResources\DSC_WebApplication\DSC_WebApplication.psm1|DSCResources\DSC_WebSite\en-US\about_WebSite.help.txt|DSCResources\DSC_WebApplication\README.md|DSCResources\DSC_WebSite\en-US\DSC_WebSite.strings.psd1|DSCResources\DSC_WebSite\DSC_WebSite.schema.mof|DSCResources\DSC_IisModule\en-US\DSC_IisModule.strings.psd1|DSCResources\DSC_WebSite\README.md|DSCResources\DSC_IisModule\en-US\about_IisModule.help.txt|DSCResources\DSC_WebSite\DSC_WebSite.psm1|DSCResources\DSC_IisMimeTypeMapping\en-US\about_IisMimeTypeMapping.help.txt|DSCResources\DSC_IisModule\DSC_IisModule.schema.mof|DSCResources\DSC_IisMimeTypeMapping\en-US\DSC_IisMimeTypeMapping.strings.psd1|DSCResources\DSC_IisModule\README.md|DSCResources\DSC_WebAppPoolDefaults\en-US\DSC_WebAppPoolDefaults.strings.psd1|DSCResources\DSC_IisModule\DSC_IisModule.psm1|DSCResources\DSC_WebAppPoolDefaults\en-US\about_WebAppPoolDefaults.help.txt|DSCResources\DSC_IisMimeTypeMapping\DSC_IisMimeTypeMapping.psm1|DSCResources\DSC_WebApplicationHandler\en-US\about_WebApplicationHandler.help.txt|DSCResources\DSC_IisMimeTypeMapping\README.md|DSCResources\DSC_WebApplicationHandler\en-US\DSC_WebApplicationHandler.strings.psd1|DSCResources\DSC_IisMimeTypeMapping\DSC_IisMimeTypeMapping.schema.mof|DSCResources\DSC_WebSiteDefaults\en-US\DSC_WebSiteDefaults.strings.psd1|DSCResources\DSC_WebAppPoolDefaults\DSC_WebAppPoolDefaults.psm1|DSCResources\DSC_WebSiteDefaults\en-US\about_WebSiteDefaults.help.txt|DSCResources\DSC_WebAppPoolDefaults\README.md|DSCResources\DSC_SslSettings\en-US\DSC_SslSettings.strings.psd1|DSCResources\DSC_WebAppPoolDefaults\DSC_WebAppPoolDefaults.schema.mof|DSCResources\DSC_SslSettings\en-US\about_SslSettings.help.txt|DSCResources\DSC_WebApplicationHandler\DSC_WebApplicationHandler.psm1|DSCResources\DSC_WebConfigPropertyCollection\en-US\DSC_WebConfigPropertyCollection.strings.psd1|DSCResources\DSC_WebApplicationHandler\DSC_WebApplicationHandler.schema.mof|DSCResources\DSC_WebConfigPropertyCollection\en-US\about_WebConfigPropertyCollection.help.txt|DSCResources\DSC_WebApplicationHandler\README.md|DSCResources\DSC_IisLogging\en-US\about_IisLogging.help.txt|DSCResources\DSC_WebSiteDefaults\DSC_WebSiteDefaults.schema.mof|DSCResources\DSC_IisLogging\en-US\DSC_IisLogging.strings.psd1|DSCResources\DSC_WebSiteDefaults\DSC_WebSiteDefaults.psm1|Modules\DscResource.Common\0.11.1\en-US\DscResource.Common.strings.psd1|DSCResources\DSC_WebSiteDefaults\README.md|Modules\DscResource.Common\0.11.1\en-US\about_DscResource.Common.help.txt|DSCResources\DSC_SslSettings\DSC_SslSettings.psm1|DSCResources\DSC_SslSettings\DSC_SslSettings.schema.mof</S>
          <S N="GUID">b3239f27-d7d3-4ae6-a5d2-d9a1c97d6ae4</S>
          <S N="PowerShellVersion">4.0</S>
          <S N="CLRVersion">4.0</S>
          <S N="CompanyName">DSC Community</S>
        </MS>
      </Obj>
      <S N="InstalledLocation">C:\Users\yvand\Documents\PowerShell\Modules\WebAdministrationDsc\4.0.0</S>
    </MS>
  </Obj>
</Objs>
